black,34190
white,10188
navy,7678
brown,6568
blue,5321
grey,5200
tan,3168
red,2461
silver,2316
pink,2139
black leather,2034
charcoal,1844
ivory,1827
dark brown,1712
green,1305
orange,1129
cognac,1088
brown leather,1003
yellow,1000
burgundy,995
taupe,994
khaki,956
purple,940
dark grey,920
gold,889
olive,806
chocolate,804
stone,737
indigo,707
dark blue,703
anthracite,691
no color,683
navy blue,577
chestnut,553
heather grey,545
light blue,508
royal,498
multi,497
natural,476
light grey,464
volt,461
coral,421
graphite,405
steel,403
medium grey,401
cream,394
turquoise,383
cool grey,383
midnight,370
aqua,370
british tan,369
dark wash,367
espresso,357
beige,343
sand,323
metallic silver,322
fuchsia,318
pewter,310
tnf black,309
dark brown leather,306
walnut,303
mahogany,298
dark java,293
medium wash,288
tan leather,287
hot pink,273
nero,269
tobacco,262
navy suede,246
dark navy,244
teal,238
black patent,232
chalk,229
lime,223
hickory,222
ink,222
denim,217
dark shadow,214
black suede,213
camel,210
risk red,209
medium brown,208
light brown,208
lilac,206
lavender,205
game royal,204
luminous pink,204
walnut leather,202
